{
  "model": "CNN",
  "accuracy": 0.42986025119405624,
  "precision": 0.565632140928397,
  "recall": 0.5873360383413581,
  "f1_score": 0.563798192631546,
  "val_accuracy": 0.4310796817448978,
  "val_precision": 0.5616604784362373,
  "val_recall": 0.5811785006754423,
  "val_f1_score": 0.5575153950148722,
  "parameters": {
    "total_params": 16805270,
    "trainable_params": 16805270,
    "model_size_mb": 64.11
  },
  "training_history": {
    "train_loss": [
      1.9803800149509412,
      1.6572543757155505,
      1.515223260360986,
      1.4335569401012531,
      1.35866681525469,
      1.311864573645086,
      1.2506283769674604,
      1.2077896249789202,
      1.1787142859936552,
      1.1528740242193236,
      1.0427234231324976,
      1.0199985247785608,
      0.9928915687521356,
      0.9771595633957645,
      0.919501661102734,
      0.9081631722979885
    ],
    "val_loss": [
      1.894928367767069,
      1.7651758565624056,
      1.7415902028667625,
      1.7313320449883396,
      1.680765737593662,
      1.687709118192332,
      1.6115050488033669,
      1.6436889075904018,
      1.6658538109113274,
      1.666596784107963,
      1.583938025187643,
      1.6105497822347679,
      1.6282510333635776,
      1.6192371898778959,
      1.6368912727254261,
      1.6758880812860961
    ],
    "val_accuracy": [
      0.3328112097101886,
      0.3762108243436316,
      0.38070021365560813,
      0.37299943636864114,
      0.3917893329488406,
      0.3948434284515867,
      0.4186732379966182,
      0.4074989186142533,
      0.39968017197310296,
      0.39926072538045115,
      0.4291594028129137,
      0.4266099539919519,
      0.4236213970193077,
      0.4280386939481721,
      0.4322528214337209,
      0.4310796817448978
    ]
  },
  "per_class_metrics": {
    "7zip": {
      "precision": 0.3579654510556622,
      "recall": 0.4766918208373905,
      "f1": 0.408884480868612,
      "support": 16432
    },
    "apk": {
      "precision": 0.410316301703163,
      "recall": 0.5298479326379288,
      "f1": 0.46248354541465553,
      "support": 7957
    },
    "bin": {
      "precision": 0.6164330218068536,
      "recall": 0.711141060197664,
      "f1": 0.6604088443888193,
      "support": 2226
    },
    "bmp": {
      "precision": 0.7551401869158878,
      "recall": 0.9380804953560371,
      "f1": 0.8367276492923714,
      "support": 1292
    },
    "css": {
      "precision": 0.6153846153846154,
      "recall": 0.4897959183673469,
      "f1": 0.5454545454545454,
      "support": 98
    },
    "dll": {
      "precision": 0.49481367652708413,
      "recall": 0.655470737913486,
      "f1": 0.563922942206655,
      "support": 1965
    },
    "elf": {
      "precision": 0.512396694214876,
      "recall": 0.33879781420765026,
      "f1": 0.40789473684210525,
      "support": 183
    },
    "eps": {
      "precision": 0.8681592039800995,
      "recall": 0.9687716863289383,
      "f1": 0.915710068875041,
      "support": 1441
    },
    "exe": {
      "precision": 0.33767941273145613,
      "recall": 0.26194118646948833,
      "f1": 0.2950270425501364,
      "support": 11766
    },
    "gif": {
      "precision": 0.6682503860315953,
      "recall": 0.7797643797643797,
      "f1": 0.7197134450556479,
      "support": 7215
    },
    "gzip": {
      "precision": 0.24988847885153492,
      "recall": 0.3729572690957511,
      "f1": 0.29926422379252565,
      "support": 16522
    },
    "html": {
      "precision": 0.6481481481481481,
      "recall": 0.5072463768115942,
      "f1": 0.5691056910569106,
      "support": 69
    },
    "javascript": {
      "precision": 0.8853503184713376,
      "recall": 0.8424242424242424,
      "f1": 0.8633540372670807,
      "support": 165
    },
    "json": {
      "precision": 0.9006772009029346,
      "recall": 0.8769230769230769,
      "f1": 0.888641425389755,
      "support": 455
    },
    "mp3": {
      "precision": 0.791504424778761,
      "recall": 0.7157490396927016,
      "f1": 0.7517229786518743,
      "support": 3124
    },
    "mp4": {
      "precision": 0.4482246690585179,
      "recall": 0.6228296372700705,
      "f1": 0.521294964028777,
      "support": 5817
    },
    "pdf": {
      "precision": 0.13044962033956148,
      "recall": 0.3925545571245186,
      "f1": 0.1958247950819672,
      "support": 3895
    },
    "pptx": {
      "precision": 0.4469737752826271,
      "recall": 0.2708925658354696,
      "f1": 0.3373382088339428,
      "support": 21455
    },
    "rtf": {
      "precision": 0.9776969127831905,
      "recall": 0.976207219878106,
      "f1": 0.976951498445839,
      "support": 8532
    },
    "swf": {
      "precision": 0.306310372844633,
      "recall": 0.2009118900994789,
      "f1": 0.24266046844269623,
      "support": 16888
    },
    "tar": {
      "precision": 0.2996783416726233,
      "recall": 0.09035560344827587,
      "f1": 0.1388474913065077,
      "support": 18560
    },
    "tif": {
      "precision": 0.7224658869395711,
      "recall": 0.9020383328262853,
      "f1": 0.8023271546475443,
      "support": 6574
    }
  },