{
  "model": "Ensemble (RF+XGBoost+ResNet)",
  "accuracy": 0.6653759721157563,
  "precision": 0.8201869959964733,
  "recall": 0.8149497977292857,
  "f1_score": 0.8103676227737207,
  "parameters": {
    "method": "Weighted Soft Voting",
    "weights": {
      "rf": 0.4,
      "xgboost": 0.35,
      "resnet": 0.25
    },
    "component_models": [
      "Random Forest",
      "XGBoost",
      "ResNet"
    ]
  },
  "component_results": {
    "rf": {
      "accuracy": 0.6257051319849833,
      "f1_score": 0.7729901225319517
    },
    "xgboost": {
      "accuracy": 0.6430672668068741,
      "f1_score": 0.7975837477944115
    },
    "resnet": {
      "accuracy": 0.6046805694780222,
      "f1_score": 0.7662400274107508
    }
  },
  "per_class_metrics": {
    "7zip": {
      "precision": 0.5301548034034259,
      "recall": 0.8607594936708861,
      "f1": 0.6561666396047412,
      "support": 16432
    },
    "apk": {
      "precision": 0.6939897100093545,
      "recall": 0.745884127183612,
      "f1": 0.7190017566176026,
      "support": 7957
    },
    "bin": {
      "precision": 0.9164631167562286,
      "recall": 0.8427672955974843,
      "f1": 0.8780716124502691,
      "support": 2226
    },
    "bmp": {
      "precision": 0.9654913728432108,
      "recall": 0.9961300309597523,
      "f1": 0.9805714285714285,
      "support": 1292
    },
    "css": {
      "precision": 0.9509803921568627,
      "recall": 0.9897959183673469,
      "f1": 0.97,
      "support": 98
    },
    "dll": {
      "precision": 0.9349635796045785,
      "recall": 0.9145038167938931,
      "f1": 0.9246205299717005,
      "support": 1965
    },
    "elf": {
      "precision": 0.8383233532934131,
      "recall": 0.7650273224043715,
      "f1": 0.8,
      "support": 183
    },
    "eps": {
      "precision": 0.9958217270194986,
      "recall": 0.9923664122137404,
      "f1": 0.9940910670837678,
      "support": 1441
    },
    "exe": {
      "precision": 0.670118565210866,
      "recall": 0.3794832568417474,
      "f1": 0.48456237451842205,
      "support": 11766
    },
    "gif": {
      "precision": 0.90584662110858,
      "recall": 0.9920997920997922,
      "f1": 0.9470132962889463,
      "support": 7215
    },
    "gzip": {
      "precision": 0.38587648037584416,
      "recall": 0.47724246459266434,
      "f1": 0.4267236713930079,
      "support": 16522
    },
    "html": {
      "precision": 0.9846153846153847,
      "recall": 0.927536231884058,
      "f1": 0.9552238805970149,
      "support": 69
    },
    "javascript": {
      "precision": 1.0,
      "recall": 0.9939393939393939,
      "f1": 0.9969604863221885,
      "support": 165
    },
    "json": {
      "precision": 0.9956236323851203,
      "recall": 1.0,
      "f1": 0.9978070175438597,
      "support": 455
    },
    "mp3": {
      "precision": 0.9777638584403382,
      "recall": 0.9993597951344431,
      "f1": 0.988443881589362,
      "support": 3124
    },
    "mp4": {
      "precision": 0.9774667121884603,
      "recall": 0.9843561973525873,
      "f1": 0.9808993576017131,
      "support": 5817
    },
    "pdf": {
      "precision": 0.647642015005359,
      "recall": 0.6205391527599486,
      "f1": 0.6338009702373149,
      "support": 3895
    },
    "pptx": {
      "precision": 0.6439203807875379,
      "recall": 0.6935912374737824,
      "f1": 0.6678335016268372,
      "support": 21455
    },
    "rtf": {
      "precision": 0.9997652857645816,
      "recall": 0.9984763244256916,
      "f1": 0.9991203893743037,
      "support": 8532
    },
    "swf": {
      "precision": 0.6650948128825123,
      "recall": 0.39252723827569874,
      "f1": 0.49368832619623904,
      "support": 16888
    },
    "tar": {
      "precision": 0.5595901639344262,
      "recall": 0.3678340517241379,
      "f1": 0.443888166449935,
      "support": 18560
    },
    "tif": {
      "precision": 0.8046019441368278,
      "recall": 0.9946759963492546,
      "f1": 0.8895993469831984,
      "support": 6574
    }
  },
  "confusion_matrix": [
    [
      14144,
      23,
      0,
      0,
      0,
      0,
      0,
      0,
      1049,
      1,
      859,
      0,
      0,
      0,
      1,
      7,
      4,
      142,
      0,
      175,
      27,
      0
    ],
    [
      366,
      5935,
      2,
      0,
      0,
      1,
      0,
      0,
      73,
      1,
      800,
      0,
      0,
      0,
      38,
      9,
      21,
      452,
      0,
      92,
      166,
      1
    ],
    [
      42,
      17,
      1876,
      0,
      0,
      1,
      27,
      1,
      26,
      0,
      148,
      0,
      0,
      0,
      0,
      1,
      2,
      53,
      0,
      19,
      13,
      0
    ],
    [
      0,
      0,
      5,
      1287,
      0,
      0,
      0,
      0,
      0,
      0,
      0,
      0,
      0,
      0,
      0,
      0,
      0,
      0,
      0,
      0,
      0,
      0
    ],
    [
      0,
      0,
      0,
      1,
      97,
      0,
      0,
      0,
      0,
      0,
      0,
      0,
      0,
      0,
      0,
      0,
      0,
      0,
      0,
      0,
      0,
      0
    ],
    [
      8,
      8,
      9,
      4,
      0,
      1797,
      0,
      1,
      46,
      2,
      12,
      0,
      0,
      0,
      0,
      0,
      3,
      32,
      0,
      2,
      41,
      0
    ],
    [
      0,
      0,
      42,
      0,
      0,
      0,
      140,
      0,
      1,
      0,
      0,
      0,
      0,
      0,
      0,
      0,
      0,
      0,
      0,
      0,
      0,
      0
    ],
    [
      0,
      0,
      0,
      0,
      0,
      0,
      0,
      1430,
      1,
      0,
      0,
      0,
      0,
      0,
      0,
      0,
      9,
      0,
      0,
      0,
      1,
      0
    ],
    [
      5962,
      133,
      50,
      7,
      0,
      104,
      0,
      0,
      4465,
      4,
      730,
      0,
      0,
      0,
      0,
      6,
      8,
      141,
      1,
      85,
      69,
      1
    ],
    [
      5,
      1,
      0,
      1,
      0,
      0,
      0,
      0,
      0,
      7158,
      13,
      0,
      0,
      0,
      1,
      2,
      0,
      30,
      0,
      1,
      3,
      0
    ],
    [
      2492,
      541,
      6,
      0,
      0,
      0,
      0,
      0,
      510,
      10,
      7885,
      0,
      0,
      0,
      3,
      19,
      83,
      1507,
      0,
      1384,
      2000,
      82
    ],
    [
      0,
      0,
      0,
      0,
      5,
      0,
      0,
      0,
      0,
      0,
      0,
      64,
      0,
      0,
      0,
      0,
      0,
      0,
      0,
      0,
      0,
      0
    ],
    [
      0,
      0,
      0,
      0,
      0,
      0,
      0,
      0,
      0,
      0,
      0,
      0,
      164,
      1,
      0,
      0,
      0,
      0,
      0,
      0,
      0,
      0
    ],
    [
      0,
      0,
      0,
      0,
      0,
      0,
      0,
      0,
      0,
      0,
      0,
      0,
      0,
      455,
      0,
      0,
      0,
      0,
      0,
      0,
      0,
      0
    ],
    [
      0,
      0,
      0,
      0,
      0,
      0,
      0,
      0,
      0,
      2,
      0,
      0,
      0,
      0,
      3122,
      0,
      0,
      0,
      0,
      0,
      0,
      0
    ],
    [
      25,
      11,
      0,
      0,
      0,
      0,
      0,
      0,
      1,
      3,
      19,
      0,
      0,
      0,
      2,
      5726,
      0,
      19,
      0,
      8,
      2,
      1
    ],
    [
      129,
      123,
      0,
      0,
      0,
      1,
      0,
      0,
      11,
      2,
      223,
      0,
      0,
      0,
      0,
      0,
      2417,
      392,
      1,
      121,
      475,
      0
    ],
    [
      665,
      746,
      19,
      11,
      0,
      2,
      0,
      1,
      56,
      659,
      1813,
      0,
      0,
      0,
      10,
      43,
      107,
      14881,
      0,
      828,
      1579,
      35
    ],
    [
      0,
      0,
      0,
      4,
