{
  "model": "LeNet",
  "accuracy": 0.4130550150362639,
  "precision": 0.5015673566458745,
  "recall": 0.5531150526940264,
  "f1_score": 0.5036407078961892,
  "val_accuracy": 0.4136660942968371,
  "val_precision": 0.4958302255372398,
  "val_recall": 0.545912382336246,
  "val_f1_score": 0.49728456026375595,
  "parameters": {
    "total_params": 1978766,
    "trainable_params": 1978766,
    "model_size_mb": 7.55
  },
  "training_history": {
    "train_loss": [
      1.8559256131960966,
      1.5581503120484668,
      1.4516282537101757,
      1.377072111160463,
      1.3060190403026526,
      1.2540563994002247,
      1.2121446859078129,
      1.17204409226036,
      1.1356751167708854,
      1.1153894858642353,
      1.0858454522733676,
      1.0620447899222287,
      1.0455604248407673,
      1.0226929655511503,
      1.002718791432577,
      0.9086349392062057,
      0.8793063738613003
    ],
    "val_loss": [
      1.9224106695667003,
      1.823470112865701,
      1.7698956970211346,
      1.7253147671495093,
      1.7403268908367218,
      1.6996904418434737,
      1.6962341005853387,
      1.7262533008677405,
      1.6958719415929895,
      1.7937136057225413,
      1.735265423248149,
      1.6477059156296139,
      1.7234908711173,
      1.7121957932659415,
      1.704285411471091,
      1.6819493339816791,
      1.7200242178229541
    ],
    "val_accuracy": [
      0.30417742590869173,
      0.3515224600542659,
      0.35488458664849065,
      0.38609403468299014,
      0.3537180008126778,
      0.3879880982029335,
      0.3847177255508513,
      0.3760928549894483,
      0.39079314729129255,
      0.37140029623415605,
      0.38218793828892006,
      0.41141156886133357,
      0.3909766551755777,
      0.4016463278761584,
      0.4058342399496664,
      0.4160648044985647,
      0.4136660942968371
    ]
  },
  "per_class_metrics": {
    "7zip": {
      "precision": 0.3307435603295443,
      "recall": 0.38601509250243426,
      "f1": 0.3562482448750351,
      "support": 16432
    },
    "apk": {
      "precision": 0.36925840390043624,
      "recall": 0.5425411587281639,
      "f1": 0.43943403908794787,
      "support": 7957
    },
    "bin": {
      "precision": 0.5136103151862464,
      "recall": 0.6442048517520216,
      "f1": 0.5715424471901156,
      "support": 2226
    },
    "bmp": {
      "precision": 0.7370663420572124,
      "recall": 0.9373065015479877,
      "f1": 0.8252129471890971,
      "support": 1292
    },
    "css": {
      "precision": 0.4205607476635514,
      "recall": 0.45918367346938777,
      "f1": 0.43902439024390244,
      "support": 98
    },
    "dll": {
      "precision": 0.4650112866817156,
      "recall": 0.6290076335877862,
      "f1": 0.5347177157689812,
      "support": 1965
    },
    "elf": {
      "precision": 0.4077669902912621,
      "recall": 0.45901639344262296,
      "f1": 0.4318766066838046,
      "support": 183
    },
    "eps": {
      "precision": 0.6554192229038854,
      "recall": 0.8896599583622484,
      "f1": 0.754783632617015,
      "support": 1441
    },
    "exe": {
      "precision": 0.2518367708241126,
      "recall": 0.48359680435152136,
      "f1": 0.3311990686845169,
      "support": 11766
    },
    "gif": {
      "precision": 0.5330971883993801,
      "recall": 0.6674982674982675,
      "f1": 0.5927749399963075,
      "support": 7215
    },
    "gzip": {
      "precision": 0.26678603401969564,
      "recall": 0.3968042609853529,
      "f1": 0.31905781584582443,
      "support": 16522
    },
    "html": {
      "precision": 0.5333333333333333,
      "recall": 0.34782608695652173,
      "f1": 0.42105263157894735,
      "support": 69
    },
    "javascript": {
      "precision": 0.5675675675675675,
      "recall": 0.7636363636363637,
      "f1": 0.6511627906976745,
      "support": 165
    },
    "json": {
      "precision": 0.7061503416856492,
      "recall": 0.6813186813186813,
      "f1": 0.6935123042505593,
      "support": 455
    },
    "mp3": {
      "precision": 0.5886057829945606,
      "recall": 0.6581306017925737,
      "f1": 0.621429650899199,
      "support": 3124
    },
    "mp4": {
      "precision": 0.3745910577971647,
      "recall": 0.7086126869520372,
      "f1": 0.4901016586409845,
      "support": 5817
    },
    "pdf": {
      "precision": 0.21435958044024228,
      "recall": 0.3725288831835687,
      "f1": 0.2721305326331583,
      "support": 3895
    },
    "pptx": {
      "precision": 0.48907578389249473,
      "recall": 0.24935912374737823,
      "f1": 0.33030808174353277,
      "support": 21455
    },
    "rtf": {
      "precision": 0.9568713450292398,
      "recall": 0.9205344585091421,
      "f1": 0.9383512544802868,
      "support": 8532
    },
    "swf": {
      "precision": 0.5046459468119192,
      "recall": 0.09326148744670772,
      "f1": 0.15742915687940426,
      "support": 16888
    },
    "tar": {
      "precision": 0.4594825742997648,
      "recall": 0.11578663793103448,
      "f1": 0.18496363558118517,
      "support": 18560
    },
    "tif": {
      "precision": 0.688641670100261,
      "recall": 0.7627015515667782,
      "f1": 0.7237820281486828,
      "support": 6574
    }
  },