{
  "model": "LSTM",
  "accuracy": 0.5423472295929398,
  "precision": 0.6719664845075559,
  "recall": 0.7249320926617516,
  "f1_score": 0.6862566188481504,
  "val_accuracy": 0.5429408449227301,
  "val_precision": 0.677714417185297,
  "val_recall": 0.721595311414018,
  "val_f1_score": 0.6865345867172148,
  "parameters": {
    "total_params": 550422,
    "trainable_params": 550422,
    "model_size_mb": 2.1,
    "hidden_size": 128,
    "num_layers": 2,
    "seq_step": 16
  },
  "training_history": {
    "train_loss": [
      2.009638959387924,
      1.5833189912424253,
      1.4058225140227292,
      1.2685572324142578,
      1.1788318560496882,
      1.1033612140738904,
      1.0581041371997508,
      1.0204674536623408,
      0.9879454449676165,
      0.9697385942409421,
      0.9552154155885955,
      0.9371007062122494,
      0.9249183742314748,
      0.917756293309112,
      0.8502331285594844,
      0.8374398051728283,
      0.8301947295122079,
      0.8152232061185098,
      0.8103531388154803,
      0.7802214455656241,
      0.7709736727769966,
      0.7711676007503607,
      0.767944472803755,
      0.7575844045457953,
      0.7559904855408851,
      0.7572270936374824,
      0.7434923364924794,
      0.7408128568620068,
      0.7317726643847089,
      0.7351173893223824
    ],
    "val_loss": [
      1.9091651040303133,
      1.7186596426605179,
      1.6218231985529015,
      1.5679022307775181,
      1.4694705021940562,
      1.4226891812841083,
      1.3727241666054264,
      1.3746116636234065,
      1.3518317876890324,
      1.381141520051805,
      1.3243588475580768,
      1.3339636375991417,
      1.3249393954455746,
      1.3469464101811062,
      1.2872725809363583,
      1.2834571901326648,
      1.2973608407220243,
      1.2930631095464062,
      1.3035170205238777,
      1.259744900500589,
      1.2543311270536075,
      1.2558282254487194,
      1.2360202133074631,
      1.2584635123112253,
      1.2462148773939647,
      1.2509995971100838,
      1.235817373894171,
      1.242340539509555,
      1.2407150000198304,
      1.2388369084954975
    ],
    "val_accuracy": [
      0.30424296443879356,
      0.3746378996211873,
      0.4193351771506469,
      0.4375614423719705,
      0.47143175472860493,
      0.4840413679202003,
      0.496310180755266,
      0.49155863732288213,
      0.5078318543471707,
      0.4942588247630782,
      0.5183573422815273,
      0.5091164095371669,
      0.5116068736810371,
      0.49604802663485864,
      0.5245441795231417,
      0.5309538477671023,
      0.5236397478077361,
      0.5226042390321269,
      0.5145102305645489,
      0.5339620662987771,
      0.5371996696858082,
      0.5371275773026962,
      0.5431243528070152,
      0.5344601591275511,
      0.5395852721815155,
      0.5383662555216212,
      0.5413613663472756,
      0.5405028116029413,
      0.5425803830071699,
      0.5429408449227301
    ]
  },
  "per_class_metrics": {
    "7zip": {
      "precision": 0.43804537521815007,
      "recall": 0.5957278481012658,
      "f1": 0.5048608783104257,
      "support": 16432
    },
    "apk": {
      "precision": 0.5372374283895608,
      "recall": 0.6364207615935654,
      "f1": 0.5826382097451533,
      "support": 7957
    },
    "bin": {
      "precision": 0.6825153374233128,
      "recall": 0.7996406109613656,
      "f1": 0.7364501448076127,
      "support": 2226
    },
    "bmp": {
      "precision": 0.9141414141414141,
      "recall": 0.9806501547987616,
      "f1": 0.9462285287528006,
      "support": 1292
    },
    "css": {
      "precision": 0.7692307692307693,
      "recall": 0.8163265306122449,
      "f1": 0.7920792079207921,
      "support": 98
    },
    "dll": {
      "precision": 0.7375643224699828,
      "recall": 0.8753180661577609,
      "f1": 0.8005585292064231,
      "support": 1965
    },
    "elf": {
      "precision": 0.6666666666666666,
      "recall": 0.6010928961748634,
      "f1": 0.632183908045977,
      "support": 183
    },
    "eps": {
      "precision": 0.9786354238456237,
      "recall": 0.9854267869535045,
      "f1": 0.9820193637621023,
      "support": 1441
    },
    "exe": {
      "precision": 0.39398422090729784,
      "recall": 0.4074451810300867,
      "f1": 0.4006016545500125,
      "support": 11766
    },
    "gif": {
      "precision": 0.7886770652801849,
      "recall": 0.9460845460845461,
      "f1": 0.8602394454946439,
      "support": 7215
    },
    "gzip": {
      "precision": 0.3102871838834119,
      "recall": 0.4381430819513376,
      "f1": 0.36329418849744055,
      "support": 16522
    },
    "html": {
      "precision": 0.7402597402597403,
      "recall": 0.8260869565217391,
      "f1": 0.7808219178082192,
      "support": 69
    },
    "javascript": {
      "precision": 0.9192546583850931,
      "recall": 0.896969696969697,
      "f1": 0.9079754601226994,
      "support": 165
    },
    "json": {
      "precision": 0.9225806451612903,
      "recall": 0.9428571428571428,
      "f1": 0.9326086956521739,
      "support": 455
    },
    "mp3": {
      "precision": 0.7250548914369358,
      "recall": 0.9513444302176697,
      "f1": 0.8229267617333518,
      "support": 3124
    },
    "mp4": {
      "precision": 0.5154043645699615,
      "recall": 0.8282619907168643,
      "f1": 0.6354104846686449,
      "support": 5817
    },
    "pdf": {
      "precision": 0.364915725740468,
      "recall": 0.5725288831835686,
      "f1": 0.4457325604637218,
      "support": 3895
    },
    "pptx": {
      "precision": 0.5597662475650788,
      "recall": 0.441994872989979,
      "f1": 0.49395770392749244,
      "support": 21455
    },
    "rtf": {
      "precision": 0.9895760131178262,
      "recall": 0.9902719174871074,
      "f1": 0.9899238429994142,
      "support": 8532
    },
    "swf": {
      "precision": 0.49387701928087546,
      "recall": 0.22447891994315491,
      "f1": 0.30866308418824295,
      "support": 16888
    },
    "tar": {
      "precision": 0.5416725426597095,
      "recall": 0.20695043103448277,
      "f1": 0.2994815016958403,
      "support": 18560
    },
    "tif": {
      "precision": 0.7939156035328754,
      "recall": 0.9844843322178278,
      "f1": 0.8789895423061252,
      "support": 6574
    }
  },