{
  "model": "MLP",
  "accuracy": 0.34220440146497105,
  "precision": 0.3456695199023894,
  "recall": 0.4148303328678294,
  "f1_score": 0.34495694618327816,
  "val_accuracy": 0.3412525723873065,
  "val_precision": 0.33992887042786357,
  "val_recall": 0.4080891517544912,
  "val_f1_score": 0.3398311933811813,
  "parameters": {
    "total_params": 2266518,
    "trainable_params": 2266518,
    "model_size_mb": 8.65
  },
  "training_history": {
    "train_loss": [
      2.07194007417866,
      1.809747299494116,
      1.7254888725036515,
      1.6677453513521672,
      1.6166360127484516,
      1.5727191707648278,
      1.5407065981952173,
      1.4132229193113075,
      1.3525171439845642,
      1.2999731819945475,
      1.2654156604852718,
      1.1578135844895858,
      1.105503831007856,
      1.0693682586006943,
      1.006632613228389
    ],
    "val_loss": [
      2.038710798159529,
      2.0590451422576033,
      2.0452068715613128,
      1.9061138801158024,
      1.9900999159894865,
      1.9386700028545798,
      1.9973332383744076,
      1.8503144242350333,
      1.864301785445723,
      1.8627640215019567,
      1.8990924541603489,
      1.8744607945499756,
      1.8716025499053992,
      1.8823109475672495,
      1.8802575744120194
    ],
    "val_accuracy": [
      0.29685021824330526,
      0.2791220458507557,
      0.2661912938616613,
      0.3283283742512223,
      0.29243292131444076,
      0.30573724292511567,
      0.287117746523181,
      0.3299078528266768,
      0.3285774206656093,
      0.3284070204873445,
      0.31666906974610376,
      0.33165773158039613,
      0.3361667824514032,
      0.33365010289549224,
      0.3412525723873065
    ]
  },
  "per_class_metrics": {
    "7zip": {
      "precision": 0.29548767451653657,
      "recall": 0.5551363193768257,
      "f1": 0.38568378326956004,
      "support": 16432
    },
    "apk": {
      "precision": 0.19829279347333434,
      "recall": 0.32989820284026644,
      "f1": 0.24769992922859166,
      "support": 7957
    },
    "bin": {
      "precision": 0.39566825145272055,
      "recall": 0.6729559748427673,
      "f1": 0.49833666001330673,
      "support": 2226
    },
    "bmp": {
      "precision": 0.5749628896585849,
      "recall": 0.8993808049535603,
      "f1": 0.7014790220344099,
      "support": 1292
    },
    "css": {
      "precision": 0.023923444976076555,
      "recall": 0.05102040816326531,
      "f1": 0.03257328990228013,
      "support": 98
    },
    "dll": {
      "precision": 0.25655127790359106,
      "recall": 0.4035623409669211,
      "f1": 0.3136867088607595,
      "support": 1965
    },
    "elf": {
      "precision": 0.472,
      "recall": 0.3224043715846995,
      "f1": 0.38311688311688313,
      "support": 183
    },
    "eps": {
      "precision": 0.33497536945812806,
      "recall": 0.8022206800832755,
      "f1": 0.47260834014717906,
      "support": 1441
    },
    "exe": {
      "precision": 0.2300819973075511,
      "recall": 0.15978242393336733,
      "f1": 0.1885940713246727,
      "support": 11766
    },
    "gif": {
      "precision": 0.7204049844236761,
      "recall": 0.7692307692307693,
      "f1": 0.7440176955560024,
      "support": 7215
    },
    "gzip": {
      "precision": 0.2408906167167344,
      "recall": 0.412540854618085,
      "f1": 0.30417029252292654,
      "support": 16522
    },
    "html": {
      "precision": 0.08928571428571429,
      "recall": 0.07246376811594203,
      "f1": 0.08,
      "support": 69
    },
    "javascript": {
      "precision": 0.06282722513089005,
      "recall": 0.07272727272727272,
      "f1": 0.06741573033707865,
      "support": 165
    },
    "json": {
      "precision": 0.17686072218128224,
      "recall": 0.5274725274725275,
      "f1": 0.26490066225165565,
      "support": 455
    },
    "mp3": {
      "precision": 0.5447321954090641,
      "recall": 0.5925096030729834,
      "f1": 0.5676172953081877,
      "support": 3124
    },
    "mp4": {
      "precision": 0.18220437616387336,
      "recall": 0.5382499570225202,
      "f1": 0.27224903265075434,
      "support": 5817
    },
    "pdf": {
      "precision": 0.11305518169582772,
      "recall": 0.1293966623876765,
      "f1": 0.1206752065126302,
      "support": 3895
    },
    "pptx": {
      "precision": 0.39785905441570024,
      "recall": 0.1039384758797483,
      "f1": 0.1648189209164819,
      "support": 21455
    },
    "rtf": {
      "precision": 0.8708021704062179,
      "recall": 0.695968120018753,
      "f1": 0.7736303823855123,
      "support": 8532
    },
    "swf": {
      "precision": 0.24066390041493776,
      "recall": 0.03434391283751776,
      "f1": 0.0601098559436211,
      "support": 16888
    },
    "tar": {
      "precision": 0.3935693935693936,
      "recall": 0.05210129310344828,
      "f1": 0.09202074511110053,
      "support": 18560
    },
    "tif": {
      "precision": 0.7896302042927333,
      "recall": 0.9289625798600548,
      "f1": 0.8536483086385239,
      "support": 6574
    }
  },