{
  "model": "MLP (Features)",
  "accuracy": 0.4948142906748957,
  "precision": 0.6093463902945254,
  "recall": 0.6959320367412207,
  "f1_score": 0.6125341237528029,
  "val_accuracy": 0.4974308896200076,
  "val_precision": 0.6026265845444887,
  "val_recall": 0.6951723869982718,
  "val_f1_score": 0.6104464956931287,
  "parameters": {
    "total_params": 331670,
    "trainable_params": 331670,
    "model_size_mb": 1.27,
    "input_features": 317,
    "uses_batchnorm": true
  },
  "training_history": {
    "train_loss": [
      1.7369833132673904,
      1.4649161520748153,
      1.352195644147271,
      1.293659304839771,
      1.162161853718809,
      1.1383817574473956,
      1.1093028956913074,
      1.0896321841060987,
      1.0813247309709777,
      1.073880795606343,
      1.058797625491381,
      0.9913888622710038,
      0.9782199650724358,
      0.9684909340355741,
      0.9679814658732315,
      0.958649592164778,
      0.954931895609471,
      0.9458990820678852,
      0.9086013381576298,
      0.9009963403195465,
      0.9033970546478166,
      0.8900795973607055,
      0.8850554165803298,
      0.8955938526188874,
      0.8844673208179961,
      0.8803839080308856,
      0.8826756238894528,
      0.8722451080700033,
      0.8741623196325056,
      0.8732885075592464
    ],
    "val_loss": [
      3.0681897720424973,
      4.9230038317776845,
      5.2475480310606395,
      6.5655122674060795,
      2.083607852109513,
      6.77422159857062,
      2.189480472387281,
      2.067095586977013,
      2.109629726764345,
      2.090709208843097,
      2.910730013803039,
      1.78457849054212,
      1.6056480845389653,
      1.8201057800269058,
      1.5252332400087536,
      1.750431045665214,
      2.1464223177897646,
      1.915806498300905,
      1.476267476558336,
      1.6136116814804287,
      1.3826763413486132,
      1.5604029525901304,
      1.3516428293987883,
      1.6817644220173134,
      1.658489736258809,
      1.3313956640261402,
      1.4519118857842994,
      1.283709440118254,
      1.8376756305720539,
      1.3574872016719537
    ],
    "val_accuracy": [
      0.1631188475704867,
      0.1431295958894234,
      0.1443682741083483,
      0.15059443446802376,
      0.34286482022781195,
      0.16783106788480948,
      0.2762907813503559,
      0.29696163374447837,
      0.3169115623074806,
      0.308057306890721,
      0.23459516849956089,
      0.3847898179339634,
      0.41221113892857614,
      0.3787537193115833,
      0.42496493688639553,
      0.407557903291345,
      0.33566868962262914,
      0.3482127642841226,
      0.4568101086628829,
      0.438039873641714,
      0.4914341141156886,
      0.4446920344470514,
      0.5027001874401961,
      0.41483268013265,
      0.41415763327260097,
      0.4935379009319579,
      0.4513441952523889,
      0.5138548452635304,
      0.39964740270805205,
      0.4974308896200076
    ]
  },
  "per_class_metrics": {
    "7zip": {
      "precision": 0.5066983848754225,
      "recall": 0.4925754625121714,
      "f1": 0.49953712275504536,
      "support": 16432
    },
    "apk": {
      "precision": 0.34529081783289045,
      "recall": 0.5879100163378158,
      "f1": 0.43506161357823764,
      "support": 7957
    },
    "bin": {
      "precision": 0.5791297651135926,
      "recall": 0.6756513926325247,
      "f1": 0.6236782085838689,
      "support": 2226
    },
    "bmp": {
      "precision": 0.6677231907025885,
      "recall": 0.978328173374613,
      "f1": 0.7937205651491366,
      "support": 1292
    },
    "css": {
      "precision": 0.5986842105263158,
      "recall": 0.9285714285714286,
      "f1": 0.728,
      "support": 98
    },
    "dll": {
      "precision": 0.6219000381533766,
      "recall": 0.8295165394402035,
      "f1": 0.7108591365023986,
      "support": 1965
    },
    "elf": {
      "precision": 0.19482288828337874,
      "recall": 0.7814207650273224,
      "f1": 0.311886586695747,
      "support": 183
    },
    "eps": {
      "precision": 0.7361995753715499,
      "recall": 0.9625260235947258,
      "f1": 0.8342857142857143,
      "support": 1441
    },
    "exe": {
      "precision": 0.3516183543481087,
      "recall": 0.459799422063573,
      "f1": 0.3984973482616382,
      "support": 11766
    },
    "gif": {
      "precision": 0.49799451129406797,
      "recall": 0.9808731808731809,
      "f1": 0.6605992719126296,
      "support": 7215
    },
    "gzip": {
      "precision": 0.3054570777412003,
      "recall": 0.584069725214865,
      "f1": 0.40113064804422827,
      "support": 16522
    },
    "html": {
      "precision": 0.9166666666666666,
      "recall": 0.4782608695652174,
      "f1": 0.6285714285714286,
      "support": 69
    },
    "javascript": {
      "precision": 0.9691358024691358,
      "recall": 0.9515151515151515,
      "f1": 0.9602446483180428,
      "support": 165
    },
    "json": {
      "precision": 0.849624060150376,
      "recall": 0.9934065934065934,
      "f1": 0.9159067882472138,
      "support": 455
    },
    "mp3": {
      "precision": 0.895483870967742,
      "recall": 0.8886043533930857,
      "f1": 0.8920308483290489,
      "support": 3124
    },
    "mp4": {
      "precision": 0.5439803903082869,
      "recall": 0.9919202337974902,
      "f1": 0.7026302971261569,
      "support": 5817
    },
    "pdf": {
      "precision": 0.40465602929636413,
      "recall": 0.39717586649550707,
      "f1": 0.4008810572687225,
      "support": 3895
    },
    "pptx": {
      "precision": 0.5743081281324908,
      "recall": 0.24567699836867862,
      "f1": 0.3441386739790422,
      "support": 21455
    },
    "rtf": {
      "precision": 0.9916907969281128,
      "recall": 0.923230192217534,
      "f1": 0.956236722306525,
      "support": 8532
    },
    "swf": {
      "precision": 0.491815587926115,
      "recall": 0.19392468024632875,
      "f1": 0.27816707011508895,
      "support": 16888
    },
    "tar": {
      "precision": 0.5435578330893118,
      "recall": 0.08001077586206896,
      "f1": 0.13948900995679128,
      "support": 18560
    },
    "tif": {
      "precision": 0.8191826063024632,
      "recall": 0.9055369637967752,
      "f1": 0.8601979625749585,
      "support": 6574
    }
  },