{
  "model": "Random Forest",
  "accuracy": 0.6257051319849833,
  "precision": 0.8218467148295818,
  "recall": 0.7637762120421366,
  "f1_score": 0.7729901225319517,
  "val_accuracy": 0.6262534243881979,
  "val_precision": 0.8228538036928843,
  "val_recall": 0.767596612399386,
  "val_f1_score": 0.7749673841819209,
  "parameters": {
    "n_estimators": 300,
    "total_tree_nodes": 85809638,
    "n_features": 317,
    "model_size_mb": 19640.43
  },
  "per_class_metrics": {
    "7zip": {
      "precision": 0.4660955518945634,
      "recall": 0.8608812074001947,
      "f1": 0.6047625154974136,
      "support": 16432
    },
    "apk": {
      "precision": 0.7579564489112228,
      "recall": 0.5686816639436973,
      "f1": 0.6498169024197602,
      "support": 7957
    },
    "bin": {
      "precision": 0.9065606361829026,
      "recall": 0.8194070080862533,
      "f1": 0.8607833883907503,
      "support": 2226
    },
    "bmp": {
      "precision": 0.9615384615384616,
      "recall": 0.9868421052631579,
      "f1": 0.974025974025974,
      "support": 1292
    },
    "css": {
      "precision": 0.9494949494949495,
      "recall": 0.9591836734693877,
      "f1": 0.9543147208121827,
      "support": 98
    },
    "dll": {
      "precision": 0.9484536082474226,
      "recall": 0.8427480916030534,
      "f1": 0.8924818108326596,
      "support": 1965
    },
    "elf": {
      "precision": 0.8648648648648649,
      "recall": 0.5245901639344263,
      "f1": 0.6530612244897959,
      "support": 183
    },
    "eps": {
      "precision": 0.99581589958159,
      "recall": 0.9909784871616932,
      "f1": 0.9933913043478261,
      "support": 1441
    },
    "exe": {
      "precision": 0.8185449358059914,
      "recall": 0.24383817780044195,
      "f1": 0.3757448759085849,
      "support": 11766
    },
    "gif": {
      "precision": 0.8779451525685593,
      "recall": 0.9451143451143451,
      "f1": 0.9102923508209851,
      "support": 7215
    },
    "gzip": {
      "precision": 0.3467840662962614,
      "recall": 0.4457692773272001,
      "f1": 0.3900953389830508,
      "support": 16522
    },
    "html": {
      "precision": 0.9682539682539683,
      "recall": 0.8840579710144928,
      "f1": 0.9242424242424242,
      "support": 69
    },
    "javascript": {
      "precision": 1.0,
      "recall": 0.9878787878787879,
      "f1": 0.9939024390243902,
      "support": 165
    },
    "json": {
      "precision": 0.9869848156182213,
      "recall": 1.0,
      "f1": 0.9934497816593887,
      "support": 455
    },
    "mp3": {
      "precision": 0.9471916971916972,
      "recall": 0.9932778489116517,
      "f1": 0.9696875,
      "support": 3124
    },
    "mp4": {
      "precision": 0.9432358939496941,
      "recall": 0.9541000515729757,
      "f1": 0.9486368686437057,
      "support": 5817
    },
    "pdf": {
      "precision": 0.7913703176861071,
      "recall": 0.4284980744544288,
      "f1": 0.555962691538974,
      "support": 3895
    },
    "pptx": {
      "precision": 0.548178674955471,
      "recall": 0.7315777208109998,
      "f1": 0.6267369429803545,
      "support": 21455
    },
    "rtf": {
      "precision": 0.9995301855766971,
      "recall": 0.9974214721050164,
      "f1": 0.9984747154757715,
      "support": 8532
    },
    "swf": {
      "precision": 0.6454234892213453,
      "recall": 0.32443154902889626,
      "f1": 0.43180833037790123,
      "support": 16888
    },
    "tar": {
      "precision": 0.5451957909263412,
      "recall": 0.34057112068965517,
      "f1": 0.41924786098030115,
      "support": 18560
    },
    "tif": {
      "precision": 0.8112083174844681,
      "recall": 0.9732278673562519,
      "f1": 0.8848627342507434,
      "support": 6574
    }
  },
  "confusion_matrix": [
    [
      14146,
      3,
      0,
      0,
      0,
      0,
      0,
      0,
      226,
      30,
      1381,
      0,
      0,
      0,
      10,
      27,
      1,
      388,
      0,
      182,
      38,
      0
    ],
    [
      517,
      4525,
      0,
      0,
      0,
      1,
      0,
      0,
      7,
      12,
      1172,
      0,
      0,
      0,
      69,
      19,
      0,
      1297,
      0,
      155,
      183,
      0
    ],
    [
      40,
      14,
      1824,
      0,
      0,
      2,
      14,
      1,
      58,
      0,
      154,
      0,
      0,
      0,
      0,
      1,
      0,
      89,
      0,
      12,
      17,
      0
    ],
    [
      0,
      1,
      5,
      1275,
      0,
      0,
      0,
      0,
      2,
      0,
      0,
      0,
      0,
      0,
      0,
      0,
      0,
      4,
      0,
      0,
      5,
      0
    ],
    [
      0,
      0,
      0,
      1,
      94,
      0,
      0,
      0,
      0,
      0,
      0,
      2,
      0,
      1,
      0,
      0,
      0,
      0,
      0,
      0,
      0,
      0
    ],
    [
      9,
      3,
      26,
      5,
      0,
      1656,
      0,
      2,
      128,
      5,
      10,
      0,
      0,
      0,
      2,
      0,
      1,
      59,
      1,
      7,
      51,
      0
    ],
    [
      0,
      0,
      65,
      0,
      0,
      0,
      96,
      0,
      19,
      0,
      0,
      0,
      0,
      0,
      0,
      0,
      0,
      0,
      0,
      0,
      3,
      0
    ],
    [
      0,
      0,
      0,
      0,
      0,
      0,
      0,
      1428,
      1,
      0,
      0,
      0,
      0,
      0,
      0,
      0,
      9,
      0,
      1,
      0,
      2,
      0
    ],
    [
      7245,
      54,
      58,
      10,
      0,
      72,
      1,
      0,
      2869,
      25,
      985,
      0,
      0,
      0,
      3,
      12,
      0,
      253,
      1,
      108,
      70,
      0
    ],
    [
      20,
      2,
      0,
      0,
      0,
      1,
      0,
      0,
      0,
      6819,
      74,
      0,
      0,
      0,
      2,
      16,
      0,
      248,
      0,
      6,
      27,
      0
    ],
    [
      3459,
      307,
      0,
      0,
      0,
      0,
      0,
      0,
      83,
      55,
      7365,
      0,
      0,
      0,
      12,
      49,
      11,
      1957,
      0,
      988,
      2183,
      53
    ],
    [
      0,
      0,
      0,
      0,
      5,
      0,
      0,
      0,
      0,
      0,
      0,
      61,
      0,
      3,
      0,
      0,
      0,
      0,
      0,
      0,
      0,
      0
    ],
    [
      0,
      0,
      0,
      0,
      0,
      0,
      0,
      0,
      0,
      0,
      0,
      0,
      163,
      2,
      0,
      0,
      0,
      0,
      0,
      0,
      0,
      0
    ],
    [
      0,
      0,
      0,
      0,
      0,
      0,
      0,
      0,
      0,
      0,
      0,
      0,
      0,
      455,
      0,
      0,
      0,
      0,
      0,
      0,
      0,
      0
    ],
    [
      0,
      0,
      0,
      0,
      0,
      0,
      0,
      0,
      0,
      5,
      0,
      0,
      0,
      0,
      3103,
      0,
      0,
      14,
      0,
      1,
      1,
      0
    ],
    [
      55,
      10,
      1,
      0,
      0,
      0,
      0,
      0,
      0,
      32,
      36,
      0,
      0,
      0,
      8,
      5550,
      0,
      105,
      0,
      9,
      10,
      1
    ],
    [
      181,
      65,
      0,
      0,
      0,
      0,
      0,
      0,
      1,
      2,
      215,
      0,
      0,
      0,
      3,
      4,
      1669,
      842,
      1,
      146,
      766,
      0
    ],
    [
      911,
      436,
      9,
      9,
      0,
      2,
      0,
      0,
      12,
      619,
      1777,
      0,
      0,
      0,
      32,
      90,
      6,
      15696,
      0,
      788,
      1038,
      30
    ],
    [
      0,
      0,
      0,
      7,
      0,
      1,
      0,
      2,
      9,
      0,
      0,
      0,
      0,
      0,
      0,
      0,
      0,
      0,
      8510,
      0,
      3,
      0
    ],
    [
      3008,
      250,
      2,
      1,
      0,
      0,
      0,
      0,
