{
  "model": "ResNet",
  "accuracy": 0.6046805694780222,
  "precision": 0.7624694243012591,
  "recall": 0.7830852871132088,
  "f1_score": 0.7662408023456169,
  "val_accuracy": 0.6051041407243318,
  "val_precision": 0.7607517492939725,
  "val_recall": 0.7806193037010529,
  "val_f1_score": 0.7638394419983712,
  "parameters": {
    "total_params": 963094,
    "trainable_params": 963094,
    "model_size_mb": 3.67
  },
  "training_history": {
    "train_loss": [
      1.4532956153443612,
      0.9931121240299674,
      0.8496968751193421,
      0.7834707225119195,
      0.7310367800552454,
      0.698917574443373,
      0.6711821969274477,
      0.6486757960884231,
      0.6280816049608962,
      0.6067441355612458,
      0.5459436813347969,
      0.5262060608838013,
      0.5073578490471932,
      0.49379399054604073,
      0.45658377445377224,
      0.44287019679932116
    ],
    "val_loss": [
      1.3790637819483034,
      1.4220701169803633,
      1.249730738629964,
      1.2715714682632882,
      1.1306390532987378,
      1.1293446982100632,
      1.1029007121615393,
      1.1041444255675177,
      1.1086102035577388,
      1.1169971351277934,
      1.0508445339927983,
      1.1273337870333993,
      1.0734929267260203,
      1.0845220709750865,
      1.1039709606010424,
      1.0668688751317876
    ],
    "val_accuracy": [
      0.505361051762331,
      0.49167005282405524,
      0.5290204611290978,
      0.5306851397936847,
      0.5734031537140685,
      0.5739995543379953,
      0.5818707318032271,
      0.5934841593372744,
      0.5835943951449057,
      0.5770012190166599,
      0.6043242322161199,
      0.5782202356765542,
      0.5946638528791076,
      0.5910657875765163,
      0.5923503427665124,
      0.6051041407243318
    ]
  },
  "per_class_metrics": {
    "7zip": {
      "precision": 0.527852781124081,
      "recall": 0.7733081791626095,
      "f1": 0.6274287125046291,
      "support": 16432
    },
    "apk": {
      "precision": 0.5258582843094214,
      "recall": 0.7526706044991831,
      "f1": 0.6191460767083635,
      "support": 7957
    },
    "bin": {
      "precision": 0.8078260869565217,
      "recall": 0.834681042228212,
      "f1": 0.8210340256296951,
      "support": 2226
    },
    "bmp": {
      "precision": 0.9462444771723122,
      "recall": 0.9945820433436533,
      "f1": 0.969811320754717,
      "support": 1292
    },
    "css": {
      "precision": 0.9423076923076923,
      "recall": 1.0,
      "f1": 0.9702970297029703,
      "support": 98
    },
    "dll": {
      "precision": 0.873015873015873,
      "recall": 0.8956743002544529,
      "f1": 0.8841999497613665,
      "support": 1965
    },
    "elf": {
      "precision": 0.7333333333333333,
      "recall": 0.7213114754098361,
      "f1": 0.7272727272727273,
      "support": 183
    },
    "eps": {
      "precision": 0.9944289693593314,
      "recall": 0.9909784871616932,
      "f1": 0.9927007299270073,
      "support": 1441
    },
    "exe": {
      "precision": 0.6122268163024217,
      "recall": 0.352371239163692,
      "f1": 0.44729744308986946,
      "support": 11766
    },
    "gif": {
      "precision": 0.9083114368690361,
      "recall": 0.9103257103257103,
      "f1": 0.9093174581198947,
      "support": 7215
    },
    "gzip": {
      "precision": 0.318627713749665,
      "recall": 0.3597627405883065,
      "f1": 0.3379480910822412,
      "support": 16522
    },
    "html": {
      "precision": 0.9295774647887324,
      "recall": 0.9565217391304348,
      "f1": 0.9428571428571428,
      "support": 69
    },
    "javascript": {
      "precision": 0.9819277108433735,
      "recall": 0.9878787878787879,
      "f1": 0.9848942598187311,
      "support": 165
    },
    "json": {
      "precision": 0.9848156182212582,
      "recall": 0.9978021978021978,
      "f1": 0.9912663755458515,
      "support": 455
    },
    "mp3": {
      "precision": 0.9929936305732484,
      "recall": 0.9980793854033291,
      "f1": 0.9955300127713921,
      "support": 3124
    },
    "mp4": {
      "precision": 0.9325507732438979,
      "recall": 0.8604091456077015,
      "f1": 0.8950286123032904,
      "support": 5817
    },
    "pdf": {
      "precision": 0.39775769745649264,
      "recall": 0.6102695763799744,
      "f1": 0.48161280518691113,
      "support": 3895
    },
    "pptx": {
      "precision": 0.5838506232308686,
      "recall": 0.547984152878117,
      "f1": 0.5653491055972303,
      "support": 21455
    },
    "rtf": {
      "precision": 0.9988250499353778,
      "recall": 0.9963666197843413,
      "f1": 0.9975943202487825,
      "support": 8532
    },
    "swf": {
      "precision": 0.5241373300801673,
      "recall": 0.35617006158218856,
      "f1": 0.42412917783105347,
      "support": 16888
    },
    "tar": {
      "precision": 0.4775027705947543,
      "recall": 0.3482219827586207,
      "f1": 0.40274186010281976,
      "support": 18560
    },
    "tif": {
      "precision": 0.7803552011598405,
      "recall": 0.9825068451475509,
      "f1": 0.869840414786883,
      "support": 6574
    }
  },