{
  "model": "SVM",
  "accuracy": 0.3636286206602853,
  "precision": 0.4251667918799005,
  "recall": 0.5954307021562518,
  "f1_score": 0.43423052592414507,
  "val_accuracy": 0.36497752028417507,
  "val_precision": 0.43165539837611583,
  "val_recall": 0.6093784605713872,
  "val_f1_score": 0.4409899823842812,
  "parameters": {
    "model_size_mb": 0.06,
    "max_iter": 5000,
    "kernel": "linear",
    "class_weight": "balanced"
  },
  "per_class_metrics": {
    "7zip": {
      "precision": 0.3298908390410959,
      "recall": 0.375182570593963,
      "f1": 0.3510820045558087,
      "support": 16432
    },
    "apk": {
      "precision": 0.1457187745483111,
      "recall": 0.04662561266809099,
      "f1": 0.07064648195753594,
      "support": 7957
    },
    "bin": {
      "precision": 0.34114713216957604,
      "recall": 0.6145552560646901,
      "f1": 0.4387427838357922,
      "support": 2226
    },
    "bmp": {
      "precision": 0.294711014176663,
      "recall": 0.836687306501548,
      "f1": 0.43588709677419357,
      "support": 1292
    },
    "css": {
      "precision": 0.3489583333333333,
      "recall": 0.6836734693877551,
      "f1": 0.46206896551724136,
      "support": 98
    },
    "dll": {
      "precision": 0.3957495692130959,
      "recall": 0.7012722646310433,
      "f1": 0.5059665871121718,
      "support": 1965
    },
    "elf": {
      "precision": 0.10893416927899686,
      "recall": 0.7595628415300546,
      "f1": 0.19054146675805347,
      "support": 183
    },
    "eps": {
      "precision": 0.8613037447988904,
      "recall": 0.8619014573213046,
      "f1": 0.8616024973985432,
      "support": 1441
    },
    "exe": {
      "precision": 0.3746898263027295,
      "recall": 0.02566717661057284,
      "f1": 0.04804327076041998,
      "support": 11766
    },
    "gif": {
      "precision": 0.5029249827942188,
      "recall": 0.8102564102564103,
      "f1": 0.6206274218376772,
      "support": 7215
    },
    "gzip": {
      "precision": 0.23484543461727733,
      "recall": 0.635455755961748,
      "f1": 0.34294767100019596,
      "support": 16522
    },
    "html": {
      "precision": 0.3275862068965517,
      "recall": 0.5507246376811594,
      "f1": 0.41081081081081083,
      "support": 69
    },
    "javascript": {
      "precision": 0.8457446808510638,
      "recall": 0.9636363636363636,
      "f1": 0.9008498583569405,
      "support": 165
    },
    "json": {
      "precision": 0.8253968253968254,
      "recall": 0.9142857142857143,
      "f1": 0.867570385818561,
      "support": 455
    },
    "mp3": {
      "precision": 0.24022725345543966,
      "recall": 0.9068501920614597,
      "f1": 0.37983508748407857,
      "support": 3124
    },
    "mp4": {
      "precision": 0.35398838153538636,
      "recall": 0.9742135121196493,
      "f1": 0.5192889214698067,
      "support": 5817
    },
    "pdf": {
      "precision": 0.16242813992010133,
      "recall": 0.42798459563543007,
      "f1": 0.23548523802797006,
      "support": 3895
    },
    "pptx": {
      "precision": 0.5705521472392638,
      "recall": 0.06068515497553018,
      "f1": 0.10970215275729873,
      "support": 21455
    },
    "rtf": {
      "precision": 0.9463776383342841,
      "recall": 0.9722222222222222,
      "f1": 0.9591258599757183,
      "support": 8532
    },
    "swf": {
      "precision": 0.10967741935483871,
      "recall": 0.0010066319279962103,
      "f1": 0.0019949539400340318,
      "support": 16888
    },
    "tar": {
      "precision": 0.3394762366634336,
      "recall": 0.018857758620689655,
      "f1": 0.03573069266499924,
      "support": 18560
    },
    "tif": {
      "precision": 0.6933406714364336,
      "recall": 0.9581685427441436,
      "f1": 0.8045213615173382,
      "support": 6574
    }
  },
  "confusion_matrix": [
    [
      6165,
      45,
      16,
      103,
      0,
      0,
      0,
      0,
      0,
      173,
      5772,
      0,
      0,
      0,
      1710,
      2396,
      28,
      6,
      0,
      2,
      0,
      16
    ],
    [
      531,
      371,
      327,
      590,
      1,
      193,
      158,
      1,
      63,
      268,
      3760,
      4,
      16,
      8,
      433,
      356,
      566,
      118,
      130,
      6,
      27,
      30
    ],
    [
      67,
      2,
      1368,
      58,
      0,
      36,
      392,
      3,
      0,
      18,
      191,
      6,
      2,
      4,
      15,
      20,
      8,
      0,
      35,
      0,
      1,
      0
    ],
    [
      2,
      2,
      16,
      1081,
      3,
      17,
      55,
      6,
      4,
      49,
      7,
      0,
      0,
      1,
      8,
      0,
      13,
      0,
      5,
      0,
      0,
      23
    ],
    [
      0,
      0,
      0,
      0,
      67,
      0,
      1,
      0,
      0,
      0,
      0,
      22,
      2,
      6,
      0,
      0,
      0,
      0,
      0,
      0,
      0,
      0
    ],
    [
      9,
      9,
      162,
      96,
      3,
      1378,
      83,
      28,
      2,
      24,
      28,
      0,
      9,
      0,
      9,
      14,
      66,
      3,
      39,
      1,
      0,
      2
    ],
    [
      0,
      0,
      40,
      1,
      0,
      2,
      139,
      0,
      0,
      0,
      0,
      0,
      0,
      0,
      0,
      0,
      0,
      0,
      1,
      0,
      0,
      0
    ],
    [
      0,
      0,
      0,
      2,
      4,
      1,
      0,
      1242,
      0,
      0,
      0,
      2,
      0,
      0,
      0,
      0,
      13,
      0,
      177,
      0,
      0,
      0
    ],
    [
      3202,
      37,
      903,
      206,
      1,
      869,
      287,
      43,
      302,
      97,
      4117,
      5,
      0,
      0,
      944,
      645,
      50,
      7,
      34,
      4,
      1,
      12
    ],
    [
      50,
      19,
      17,
      139,
      0,
      24,
      0,
      30,
      22,
      5846,
      75,
      0,
      0,
      0,
      220,
      126,
      42,
      19,
      0,
      1,
      15,
      570
    ],
    [
      2579,
      32,
      0,
      38,
      0,
      0,
      0,
      0,
      2,
      606,
      10499,
      0,
      0,
      1,
      982,
      1005,
      682,
      11,
      0,
      10,
      5,
      70
    ],
    [
      0,
      0,
      0,
      0,
      17,
      0,
      0,
      1,
      0,
      0,
      0,
      38,
      0,
      12,
      0,
      0,
      1,
      0,
      0,
      0,
      0,
      0
    ],
    [
      0,
      0,
      0,
      0,
      0,
      0,
      0,
      0,
      0,
      0,
      0,
      2,
      159,
      4,
      0,
      0,
      0,
      0,
      0,
      0,
      0,
      0
    ],
    [
      0,
      0,
      0,
      1,
      8,
      0,
      0,
      5,
      0,
      0,
      0,
      5,
      0,
      416,
      0,
      0,
      2,
      0,
      18,
      0,
      0,
      0
    ],
    [
      6,
      0,
      0,
      0,
      0,
      0,
      0,
      0,
      0,
      193,
      7,
      0,
      0,
      0,
      2833,
      82,
      0,
      1,
      0,
      0,
      2,
      0
    ],
    [
      6,
      4,
      23,
      1,
      0,
      0,
      3,
      0,
      0,
      4,
      67,
      0,
      0,
      0,
      29,
      5667,
      4,
      2,
      0,
      0,
      0,
      7
    ],
    [
      255,
      86,
      8,
      155,
      59,
      22,
      5,
      5,
      4,
      290,
      719,
      2,
      0,
      6,
      151,
      231,
      1667,
      104,
      2,
      6,
      21,
      97
    ],
    [
      2119,
      1001,
      290,
      344,
      0,
      147,
      10,
      22,
      214,
      2162,
      6087,
      7,
      0,
      2,
      1360,
      2752,
      2914,
      1302,
      15,
      69,
      447,
      191
    ],
    [
      0,
      3,
      33,
      133,
      0,
      17,
      8,
      16,
      2,
      0,
      0,
      7,
      0,
      0,
      13,
      0,
      2,
