{
  "model": "XGBoost",
  "accuracy": 0.6430672668068741,
  "precision": 0.7910206440108407,
  "recall": 0.8105401961539465,
  "f1_score": 0.7975837477944115,
  "val_accuracy": 0.6440340276048289,
  "val_precision": 0.789904678007852,
  "val_recall": 0.8100680119056438,
  "val_f1_score": 0.7966806904026723,
  "parameters": {
    "n_estimators": 500,
    "max_depth": 8,
    "learning_rate": 0.05,
    "model_size_mb": 91.03
  },
  "per_class_metrics": {
    "7zip": {
      "precision": 0.5571283612379503,
      "recall": 0.6682692307692307,
      "f1": 0.6076586796524819,
      "support": 16432
    },
    "apk": {
      "precision": 0.5988023952095808,
      "recall": 0.7163503833102928,
      "f1": 0.652323186083772,
      "support": 7957
    },
    "bin": {
      "precision": 0.8832941176470588,
      "recall": 0.8432165318957772,
      "f1": 0.862790163180878,
      "support": 2226
    },
    "bmp": {
      "precision": 0.9646616541353383,
      "recall": 0.9930340557275542,
      "f1": 0.9786422578184591,
      "support": 1292
    },
    "css": {
      "precision": 0.9411764705882353,
      "recall": 0.9795918367346939,
      "f1": 0.96,
      "support": 98
    },
    "dll": {
      "precision": 0.8857994041708044,
      "recall": 0.9078880407124682,
      "f1": 0.8967077155064086,
      "support": 1965
    },
    "elf": {
      "precision": 0.77,
      "recall": 0.8415300546448088,
      "f1": 0.804177545691906,
      "support": 183
    },
    "eps": {
      "precision": 0.9958275382475661,
      "recall": 0.9937543372657877,
      "f1": 0.9947898575894408,
      "support": 1441
    },
    "exe": {
      "precision": 0.5013732072017089,
      "recall": 0.5585585585585585,
      "f1": 0.5284232531961084,
      "support": 11766
    },
    "gif": {
      "precision": 0.9018015732047704,
      "recall": 0.9851697851697852,
      "f1": 0.9416440352387891,
      "support": 7215
    },
    "gzip": {
      "precision": 0.38317423043544846,
      "recall": 0.45430335310495096,
      "f1": 0.41571820220985295,
      "support": 16522
    },
    "html": {
      "precision": 0.96875,
      "recall": 0.8985507246376812,
      "f1": 0.9323308270676691,
      "support": 69
    },
    "javascript": {
      "precision": 1.0,
      "recall": 0.9939393939393939,
      "f1": 0.9969604863221885,
      "support": 165
    },
    "json": {
      "precision": 0.9934497816593887,
      "recall": 1.0,
      "f1": 0.9967141292442497,
      "support": 455
    },
    "mp3": {
      "precision": 0.9692068429237947,
      "recall": 0.9974391805377721,
      "f1": 0.9831203659883262,
      "support": 3124
    },
    "mp4": {
      "precision": 0.9774628649479256,
      "recall": 0.9841842874333849,
      "f1": 0.9808120609902347,
      "support": 5817
    },
    "pdf": {
      "precision": 0.5508147512864494,
      "recall": 0.6595635430038511,
      "f1": 0.600303773805351,
      "support": 3895
    },
    "pptx": {
      "precision": 0.6394328156650911,
      "recall": 0.6179445350734094,
      "f1": 0.6285050605608097,
      "support": 21455
    },
    "rtf": {
      "precision": 0.9998826015496596,
      "recall": 0.9982419127988749,
      "f1": 0.9990615835777126,
      "support": 8532
    },
    "swf": {
      "precision": 0.5704776169079714,
      "recall": 0.40596873519658927,
      "f1": 0.47436518369888603,
      "support": 16888
    },
    "tar": {
      "precision": 0.5425710920410567,
      "recall": 0.3474676724137931,
      "f1": 0.42363528870787626,
      "support": 18560
    },
    "tif": {
      "precision": 0.8073668491786958,
      "recall": 0.9869181624581685,
      "f1": 0.8881587953456537,
      "support": 6574
    }
  },
  "confusion_matrix": [
    [
      10981,
      61,
      1,
      0,
      0,
      0,
      0,
      0,
      3786,
      1,
      961,
      0,
      0,
      0,
      1,
      4,
      10,
      194,
      0,
      383,
      49,
      0
    ],
    [
      259,
      5700,
      3,
      0,
      0,
      3,
      0,
      0,
      174,
      2,
      728,
      0,
      0,
      0,
      46,
      13,
      68,
      470,
      0,
      222,
      268,
      1
    ],
    [
      29,
      45,
      1877,
      0,
      0,
      4,
      41,
      1,
      31,
      0,
      111,
      0,
      0,
      0,
      0,
      1,
      7,
      37,
      0,
      23,
      19,
      0
    ],
    [
      0,
      1,
      5,
      1283,
      0,
      0,
      0,
      0,
      1,
      1,
      0,
      0,
      0,
      0,
      0,
      0,
      0,
      0,
      0,
      1,
      0,
      0
    ],
    [
      0,
      0,
      0,
      1,
      96,
      0,
      0,
      0,
      0,
      0,
      0,
      1,
      0,
      0,
      0,
      0,
      0,
      0,
      0,
      0,
      0,
      0
    ],
    [
      6,
      15,
      22,
      3,
      0,
      1784,
      2,
      1,
      35,
      2,
      15,
      0,
      0,
      0,
      0,
      0,
      6,
      29,
      0,
      3,
      42,
      0
    ],
    [
      0,
      0,
      25,
      0,
      0,
      0,
      154,
      0,
      4,
      0,
      0,
      0,
      0,
      0,
      0,
      0,
      0,
      0,
      0,
      0,
      0,
      0
    ],
    [
      0,
      0,
      0,
      0,
      0,
      0,
      0,
      1432,
      1,
      0,
      0,
      0,
      0,
      0,
      0,
      0,
      7,
      0,
      0,
      0,
      1,
      0
    ],
    [
      3641,
      164,
      89,
      10,
      0,
      146,
      2,
      0,
      6572,
      10,
      708,
      0,
      0,
      0,
      1,
      5,
      15,
      129,
      1,
      184,
      89,
      0
    ],
    [
      4,
      10,
      0,
      0,
      0,
      0,
      0,
      0,
      2,
      7108,
      22,
      0,
      0,
      0,
      2,
      1,
      2,
      36,
      0,
      11,
      14,
      3
    ],
    [
      1806,
      803,
      11,
      0,
      0,
      0,
      0,
      0,
      1149,
      20,
      7506,
      0,
      0,
      0,
      4,
      21,
      177,
      1351,
      0,
      2072,
      1529,
      73
    ],
    [
      0,
      0,
      0,
      0,
      6,
      0,
      0,
      0,
      0,
      0,
      0,
      62,
      0,
      1,
      0,
      0,
      0,
      0,
      0,
      0,
      0,
      0
    ],
    [
      0,
      0,
      0,
      0,
      0,
      0,
      0,
      0,
      0,
      0,
      0,
      0,
      164,
      1,
      0,
      0,
      0,
      0,
      0,
      0,
      0,
      0
    ],
    [
      0,
      0,
      0,
      0,
      0,
      0,
      0,
      0,
      0,
      0,
      0,
      0,
      0,
      455,
      0,
      0,
      0,
      0,
      0,
      0,
      0,
      0
    ],
    [
      1,
      2,
      0,
      0,
      0,
      0,
      0,
      0,
      0,
      2,
      0,
      0,
      0,
      0,
      3116,
      0,
      1,
      1,
      0,
      0,
      1,
      0
    ],
    [
      16,
      13,
      0,
      0,
      0,
      0,
      0,
      0,
      3,
      2,
      10,
      0,
      0,
      0,
      4,
      5725,
      0,
      23,
      0,
      14,
      6,
      1
    ],
    [
      112,
      162,
      1,
      0,
      0,
      1,
      0,
      0,
      48,
      2,
      196,
      0,
      0,
      0,
      1,
      0,
      2569,
      311,
      0,
      136,
      356,
      0
    ],
    [
      661,
      1075,
      25,
      11,
      0,
      5,
      0,
      0,
      159,
      655,
      1931,
      0,
      0,
      0,
      18,
      36,
      329,
      13258,
      0,
      1176,
      2084,
      32
    ],
    [
      0,
      0,
      0,
      4,
      0,
      3,
      0,
      2,
      2,
      0,
      0,
      0,
      0,
      1,
      0,
      0,
      0,
      2,
      8517,
      0,
      1,
      0
    ],
    [
      1687,
      616,
      9,
      1,
      0,
      7,
      0,
      0,
      941,
      34,
      4554,
